[
  {
    "kind": "column",
    "name": "Language Translator Pro",
    "description": "Enhanced translator that handles sentences, paragraphs, and special characters by brickflows.com",
    "author": "Your Name",
    "params": [
      {
        "name": "inputText",
        "displayName": "Text to Translate",
        "type": "string"
      },
      {
        "name": "sourceLang",
        "displayName": "Source Language Code (e.g., en, es, fr)",
        "type": "string"
      },
      {
        "name": "targetLang",
        "displayName": "Target Language Code (e.g., es, fr, de)",
        "type": "string"
      }
    ],
    "result": {
      "type": "string"
    }
  }
]
